OA-9255,ORD,YUL,Monday,18:45,292,396
TB-6339,YUL,FRA,Monday,01:15,169,741
TB-6221,YEG,CDG,Sunday,21:00,169,1456
OA-5943,YVR,YYC,Thursday,22:45,78,230
TB-9974,FRA,DFW,Sunday,21:00,174,1160
TB-8032,FRA,YEG,Sunday,02:15,292,686
CA-1951,HKG,DFW,Thursday,17:45,255,714
OA-7540,ORD,DEL,Wednesday,02:15,255,1197
VA-5345,YWG,FRA,Tuesday,18:15,174,1139
CA-7076,PEK,AMS,Thursday,21:15,255,924
OA-5331,ATL,YUL,Saturday,21:15,292,446
CA-6637,DEL,DFW,Friday,11:45,174,971
VA-4453,ATL,ORD,Wednesday,13:00,255,162
TB-1124,LHR,DFW,Wednesday,14:30,292,892
TB-8477,YWG,YOW,Tuesday,10:15,76,399
CA-9685,LHR,YYZ,Tuesday,12:15,174,914
VA-2735,AMS,ORD,Thursday,20:00,255,1185
OA-9698,DXB,YUL,Tuesday,23:30,255,716
VA-2705,FRA,YYC,Friday,23:30,174,1210
TB-1475,LHR,PVG,Monday,16:00,292,510
VA-9764,YVR,LHR,Saturday,16:30,174,899
TB-5005,YVR,YUL,Saturday,20:00,78,402
OA-1485,YWG,LHR,Monday,08:45,169,1331
TB-3930,YWG,YUL,Tuesday,20:00,78,468
TB-9390,DEL,ORD,Monday,14:45,292,905
VA-6045,DXB,YOW,Sunday,07:15,292,2177
VA-7798,YYZ,YOW,Saturday,16:30,78,210
CA-2553,PVG,PEK,Tuesday,00:15,255,436
CA-8768,CDG,YYC,Sunday,06:00,255,1267
TB-3209,PVG,YVR,Wednesday,22:30,174,1059
TB-9710,FRA,DEL,Saturday,13:15,169,489
VA-3957,YYC,CDG,Monday,10:30,174,1013
TB-7616,YYC,DEL,Saturday,10:45,169,1242
OA-5332,YVR,HND,Wednesday,14:30,174,861
TB-7572,PVG,HND,Tuesday,07:45,169,484
CA-8765,HKG,ORD,Thursday,03:00,169,736
CA-4944,YWG,HND,Monday,14:30,292,1083
TB-1367,PVG,HKG,Saturday,12:30,292,325
VA-8865,FRA,YYZ,Tuesday,12:45,255,503
VA-3623,YWG,DFW,Saturday,15:00,292,823
TB-6828,YEG,AMS,Tuesday,05:00,174,1193
CA-3796,LHR,DFW,Thursday,14:30,292,892
CA-3342,HKG,YUL,Wednesday,09:30,292,822
TB-6372,YVR,ORD,Wednesday,18:15,169,309
OA-9032,LHR,AMS,Wednesday,04:00,255,109
VA-5671,ORD,PVG,Thursday,22:00,169,851
VA-8117,DEL,CDG,Thursday,08:30,255,421
VA-1585,DEL,YVR,Wednesday,07:30,174,868
CA-8237,DFW,AMS,Tuesday,15:30,169,631
OA-7611,ATL,ORD,Tuesday,13:00,255,162
OA-7950,DFW,YYZ,Tuesday,20:00,174,369
VA-9330,PEK,FRA,Thursday,06:15,169,635
TB-4368,YUL,YWG,Monday,03:45,78,265
CA-3298,LHR,FRA,Saturday,21:45,292,119
CA-8779,YWG,YYC,Saturday,10:00,78,200
TB-7881,LHR,ORD,Tuesday,17:30,255,747
CA-7319,YWG,YEG,Friday,18:15,50,442
TB-3281,FRA,DFW,Saturday,21:00,174,1160
VA-6163,AMS,PVG,Wednesday,19:45,169,934
TB-6320,YWG,AMS,Friday,18:30,292,1123
TB-9704,ORD,HND,Thursday,00:45,169,1113
VA-6949,AMS,YYC,Thursday,07:15,292,1884
CA-2856,DFW,YWG,Tuesday,02:15,255,916
OA-9689,PVG,DFW,Saturday,08:00,255,849
OA-3739,YEG,FRA,Tuesday,09:15,255,1252
VA-3039,HND,PEK,Thursday,10:15,292,746
CA-2938,CDG,YVR,Monday,03:15,174,1385
CA-4750,YYZ,DFW,Sunday,11:45,292,525
VA-8989,AMS,YUL,Thursday,05:30,169,674
CA-8006,ATL,HKG,Tuesday,15:45,174,1203
OA-3523,DXB,DFW,Sunday,05:45,174,774
OA-1563,YUL,PVG,Tuesday,09:45,174,802
VA-7795,CDG,HND,Sunday,20:00,174,775
CA-3726,YUL,DEL,Friday,20:45,255,896
CA-5083,YWG,PEK,Monday,19:15,255,962
VA-9179,DEL,HKG,Saturday,01:15,292,181
OA-7977,DEL,DXB,Monday,04:15,169,354
OA-8984,HKG,LHR,Wednesday,12:45,255,646
CA-1126,YVR,CDG,Saturday,03:45,255,906
TB-4154,ATL,YYZ,Thursday,14:30,292,337
CA-2603,LHR,YYC,Wednesday,07:45,169,835
OA-3693,YUL,AMS,Tuesday,00:15,255,813
CA-7196,YYC,HKG,Thursday,03:15,169,842
VA-4562,AMS,YOW,Saturday,22:30,292,861
OA-2001,CDG,ATL,Friday,16:00,169,954
OA-6126,ORD,DXB,Thursday,20:45,292,1033
CA-6392,YEG,YWG,Friday,11:45,78,194
VA-4512,DEL,DXB,Wednesday,04:15,169,354
OA-4943,PVG,FRA,Monday,21:30,174,2756
TB-2498,ORD,DEL,Friday,02:15,255,1197
CA-5382,DEL,YYZ,Sunday,21:30,174,786
CA-3371,ATL,FRA,Tuesday,12:00,169,1444
TB-7990,YWG,ORD,Thursday,01:30,292,474
CA-9524,HKG,HND,Sunday,21:30,169,524
OA-9961,DFW,HKG,Tuesday,22:45,174,966
OA-5243,CDG,AMS,Wednesday,11:45,174,303
OA-4665,YYC,HND,Tuesday,04:45,292,1301
VA-8801,ORD,YVR,Wednesday,11:30,169,400
OA-2015,PEK,CDG,Saturday,16:00,169,1323
CA-9832,YWG,ATL,Friday,10:45,255,857
TB-9070,YEG,YUL,Saturday,10:30,120,557
CA-5809,YWG,AMS,Monday,18:30,292,1123
6A-877O,YYC,YYZ,Friday,17:00,120,226
CA-9971,YYZ,LHR,Friday,06:15,292,709
OA-8317,YUL,YYC,Sunday,20:30,78,435
3B-5766,YYC,YUL,Sunday,01:15,78,371
CA-5682,ATL,YEG,Friday,03:30,255,429
CA-8079,DEL,CDG,Tuesday,08:30,255,421
CA-7447,YUL,CDG,Tuesday,16:30,169,788
CA-8675,HKG,LHR,Tuesday,12:45,255,646
CA-8799,ORD,CDG,Thursday,07:30,174,1055
CA-3864,HKG,CDG,Sunday,06:30,169,593
CA-2282,YVR,YUL,Sunday,20:00,78,402
OA-3357,DXB,YUL,Friday,23:30,255,716
VA-6353,CDG,FRA,Wednesday,18:15,292,195
CA-3814,YEG,ORD,Thursday,21:30,292,404
CA-6892,PEK,HKG,Tuesday,19:30,174,400
VA-8269,DFW,PVG,Monday,03:15,255,1336
VA-2922,ORD,YYZ,Monday,07:00,292,111
CA-9592,DFW,YUL,Saturday,07:00,169,364
CA-2117,AMS,PEK,Tuesday,05:30,169,743
TB-5438,YOW,LHR,Friday,12:00,292,958
TB-2744,AMS,DFW,Friday,02:00,255,773
CA-3195,ORD,AMS,Saturday,22:30,255,1189
VA-1700,YYZ,PVG,Thursday,09:30,292,964
OA-6268,YVR,DXB,Monday,06:00,292,1334
TB-8039,YOW,ATL,Tuesday,20:30,169,593
OA-8360,YOW,ORD,Tuesday,15:15,292,539
CA-8020,YVR,PVG,Monday,11:30,292,645
CA-9484,DEL,YYZ,Saturday,21:30,174,786
VA-3965,YEG,YWG,Saturday,11:45,78,194
VA-1219,YYZ,YWG,Friday,22:15,76,313
VA-2149,YEG,HND,Friday,04:00,169,1245
OA-5116,FRA,AMS,Friday,01:45,255,159
OA-6893,YVR,YYZ,Friday,19:15,78,351
TB-4287,FRA,HKG,Wednesday,09:00,292,601
VA-1600,CDG,FRA,Saturday,18:15,292,195
OA-3765,DEL,YVR,Thursday,07:30,174,868
CA-6239,DFW,FRA,Thursday,06:15,255,1188
OA-5476,YEG,DEL,Saturday,23:30,292,1215
OA-1121,DXB,YYC,Monday,13:30,255,1134
OA-3542,ATL,DXB,Saturday,18:30,169,1101
VA-2081,YUL,YEG,Thursday,02:30,120,518
VA-3292,AMS,LHR,Monday,06:15,292,169
OA-8103,YVR,DEL,Wednesday,01:45,255,1159
VA-6137,DEL,DFW,Sunday,11:45,174,971
CA-1198,YUL,DXB,Sunday,14:00,292,1438
TB-6877,ORD,DFW,Thursday,04:15,292,180
VA-7101,DFW,PEK,Sunday,18:00,174,993
TB-7999,PEK,YYC,Monday,20:00,174,1014
TB-7089,YWG,FRA,Saturday,18:15,174,1139
VA-1089,YWG,CDG,Sunday,16:45,255,1010
VA-3475,YYZ,YVR,Sunday,03:45,50,321
VA-8106,PEK,CDG,Friday,16:00,169,1323
VA-9939,PEK,LHR,Wednesday,19:15,255,816
VA-1224,YEG,LHR,Monday,10:45,255,995
TB-8172,LHR,YEG,Tuesday,16:30,255,1101
VA-3174,LHR,YUL,Friday,17:00,255,770
CA-4754,DEL,HKG,Sunday,01:15,292,181
OA-6227,HKG,DFW,Friday,17:45,255,714
TB-3285,YVR,YYC,Saturday,22:45,78,230
CA-7970,FRA,DXB,Friday,21:45,292,334
VA-9877,DFW,LHR,Friday,15:30,292,2064
VA-9633,YYC,YVR,Sunday,10:00,78,183
CA-3011,YYC,LHR,Wednesday,03:45,255,905
CA-5193,YYZ,DEL,Friday,04:15,292,978
VA-2133,HKG,HND,Friday,21:30,169,524
TB-7912,ORD,YOW,Tuesday,20:45,255,664
OA-4189,AMS,HND,Tuesday,03:15,169,971
CA-1428,FRA,HND,Friday,15:45,169,1081
OA-5036,DXB,AMS,Monday,18:30,292,722
VA-6321,FRA,DEL,Sunday,13:15,169,489
VA-5722,YWG,HND,Friday,14:30,292,1083
VA-7171,YWG,YOW,Thursday,10:15,76,399
VA-2281,ORD,YEG,Sunday,03:15,169,456
TB-9637,DFW,YYZ,Wednesday,20:00,174,369
CA-5559,YEG,HKG,Wednesday,17:00,169,1208
TB-1811,ATL,YOW,Thursday,08:45,292,290
OA-2999,ORD,HKG,Wednesday,12:00,255,1113
OA-1908,HKG,ATL,Sunday,12:30,169,1689
TB-2789,YVR,PEK,Monday,08:15,174,1086
CA-58L5,YYC,YWG,Saturday,04:30,50,500
OA-3619,YEG,PVG,Tuesday,18:15,292,820
OA-6824,YYZ,YEG,Friday,06:00,76,366
CA-3290,YYC,YVR,Friday,10:00,78,183
OA-5976,YOW,YYZ,Tuesday,16:45,50,90
CA-9449,YUL,FRA,Sunday,01:15,169,741
OA-6241,YYC,CDG,Tuesday,10:30,174,1013
OA-1253,ORD,YYZ,Thursday,07:00,292,111
OA-5593,YYZ,DXB,Saturday,17:15,255,1097
CA-8361,CDG,YVR,Sunday,03:15,174,1385
TB-7102,YWG,YUL,Sunday,20:00,78,468
TB-5657,DXB,ATL,Sunday,10:00,174,1068
VA-8700,DXB,FRA,Tuesday,11:00,255,503
VA-4598,DFW,ORD,Saturday,22:15,292,136
OA-4219,HKG,AMS,Friday,02:15,169,900
CA-8550,DFW,YOW,Saturday,21:30,255,490
CA-2127,ATL,YVR,Tuesday,15:15,255,341
OA-1298,PVG,FRA,Thursday,21:30,174,2756
CA-7938,ORD,YVR,Saturday,11:30,169,400
VA-6185,CDG,ATL,Sunday,16:00,169,954
OA-1399,YYC,PVG,Saturday,17:30,174,1105
VA-8651,YWG,YUL,Thursday,20:00,78,468
TB-6367,YOW,CDG,Wednesday,09:45,292,1060
CA-3611,PEK,HND,Thursday,21:00,169,443
TB-8714,PVG,YYZ,Friday,09:00,169,1033
OA-8529,ATL,YWG,Monday,14:00,255,590
CA-1500,YYZ,HND,Wednesday,09:15,292,1050
VA-6656,YWG,YYC,Monday,10:00,78,200
OA-8329,PEK,ATL,Friday,22:00,169,1534
OA-4465,YYZ,ATL,Friday,00:15,255,675
CA-1759,DFW,ORD,Monday,22:15,292,136
VA-5491,HND,PEK,Monday,10:15,292,746
CA-8777,HND,HKG,Tuesday,19:45,255,386
OA-9428,YVR,AMS,Friday,20:30,174,886
VA-7379,YVR,HKG,Friday,07:30,255,670
TB-8988,FRA,ATL,Thursday,01:45,169,719
TB-2991,DXB,LHR,Wednesday,23:15,169,726
VA-4353,ORD,HND,Friday,00:45,169,1113
OA-9866,DEL,AMS,Tuesday,08:15,169,568
TB-9252,DFW,DXB,Wednesday,04:15,169,898
TB-8436,AMS,DFW,Thursday,02:00,255,773
OA-9352,ORD,YEG,Tuesday,03:15,169,456
CA-1954,YUL,CDG,Thursday,16:30,169,788
CA-3242,FRA,AMS,Thursday,01:45,255,159
OA-3305,ORD,YEG,Saturday,03:15,169,456
OA-9199,ATL,YOW,Saturday,08:45,292,290
CA-9712,YVR,LHR,Thursday,16:30,174,899
OA-2452,PVG,FRA,Friday,21:30,174,2756
TB-7720,HKG,PEK,Tuesday,13:30,255,580
TB-1027,ATL,FRA,Sunday,12:00,169,1444
VA-8102,FRA,DEL,Thursday,13:15,169,489
TB-4252,PVG,CDG,Sunday,05:00,255,510
OA-7683,DFW,ATL,Wednesday,07:30,169,197
CA-8183,FRA,YEG,Friday,02:15,292,686
CA-3711,YEG,YVR,Wednesday,06:30,76,191
CA-3899,PEK,AMS,Friday,21:15,255,924
CA-4239,YYZ,YYC,Wednesday,02:45,50,307
VA-3317,DEL,YEG,Monday,11:00,255,848
VA-5336,ORD,LHR,Sunday,01:00,292,1151
OA-8965,YEG,YOW,Wednesday,01:15,78,623
VA-7394,YEG,AMS,Wednesday,05:00,174,1193
OA-2724,YEG,YVR,Thursday,06:30,76,191
CA-8086,HKG,ATL,Saturday,12:30,169,1689
VA-4473,ATL,CDG,Friday,18:00,169,848
OA-5174,DXB,AMS,Tuesday,18:30,292,722
TB-2572,ATL,YEG,Sunday,03:30,255,429
TB-1119,PVG,DFW,Tuesday,08:00,255,849
VA-9242,YWG,YVR,Wednesday,14:45,50,336
OA-2609,YOW,DEL,Friday,07:45,169,1251
OA-4537,YOW,YWG,Sunday,11:30,78,316
CA-7690,YVR,YOW,Thursday,04:30,50,404
VA-5511,HND,DEL,Wednesday,22:15,169,425
OA-4871,YEG,YUL,Tuesday,10:30,120,557
OA-4977,HKG,DFW,Tuesday,17:45,255,714
CA-7703,YYZ,YEG,Tuesday,06:00,76,366
TB-8450,DEL,LHR,Friday,13:15,174,861
TB-2688,YYC,LHR,Tuesday,03:45,255,905
CA-5122,ORD,PEK,Sunday,22:30,255,958
TB-8424,YVR,ATL,Tuesday,17:30,169,335
VA-4057,YOW,DXB,Monday,05:15,255,1449
OA-8909,YUL,HKG,Thursday,15:30,169,1220
VA-5742,YOW,YYC,Monday,21:45,50,394
VA-2199,YWG,HKG,Sunday,07:15,174,1253
TB-9120,YWG,ORD,Sunday,01:30,292,474
TB-2238,DFW,HND,Tuesday,20:30,255,1737
TB-5676,YUL,DXB,Thursday,14:00,292,1438
TB-4106,HND,DEL,Friday,22:15,169,425
OA-8722,YWG,YVR,Thursday,14:45,50,336
CA-7141,PVG,HKG,Friday,12:30,292,325
OA-5514,ATL,DFW,Tuesday,08:15,255,143
VA-4091,YYZ,CDG,Sunday,00:15,292,683
OA-2472,YVR,YOW,Sunday,04:30,50,404
CA-6176,YUL,LHR,Monday,23:30,292,802
CA-9706,YVR,YUL,Friday,20:00,78,402
CA-6987,AMS,YYC,Monday,07:15,292,1884
VA-1945,YUL,FRA,Tuesday,01:15,169,741
CA-1487,FRA,HND,Tuesday,15:45,169,1081
OA-7414,YVR,DFW,Wednesday,19:30,174,357
OA-2095,ORD,ATL,Sunday,12:15,255,128
CA-7143,YEG,YYZ,Saturday,03:00,78,198
OA-7727,LHR,HND,Saturday,06:15,255,854
CA-4706,YYC,DFW,Tuesday,21:00,169,328
CA-7654,YUL,YEG,Friday,02:30,120,518
TB-6161,YYZ,HKG,Wednesday,11:00,169,959
VA-6351,YWG,YYZ,Wednesday,00:00,120,175
CA-3568,YVR,PEK,Wednesday,08:15,174,1086
VA-9738,DXB,DEL,Wednesday,10:45,292,274
CA-3223,YVR,PEK,Saturday,08:15,174,1086
VA-2718,FRA,YYZ,Friday,12:45,255,503
CA-8242,DXB,YYZ,Monday,23:30,174,1263
T8-809R,YYC,YVR,Monday,10:00,78,183
VA-4770,YEG,HKG,Tuesday,17:00,169,1208
OA-7209,ATL,YWG,Thursday,14:00,255,590
OA-7261,LHR,YEG,Saturday,16:30,255,1101
VA-9284,YYC,LHR,Friday,03:45,255,905
OA-5546,ORD,DXB,Tuesday,20:45,292,1033
OA-1501,YUL,YVR,Thursday,18:30,120,380
VA-8419,ORD,YWG,Wednesday,22:45,174,470
TB-8254,YOW,PVG,Friday,19:15,169,1327
OA-4779,YEG,HKG,Friday,17:00,169,1208
CA-1196,YUL,DFW,Sunday,05:45,169,449
TB-6781,YVR,YYC,Monday,22:45,78,230
VA-9995,ATL,YYC,Thursday,16:15,292,405
VA-7575,YEG,ATL,Saturday,17:15,292,640
OA-2113,FRA,LHR,Saturday,15:45,169,163
VA-7757,LHR,ATL,Monday,05:15,292,396
OA-9647,DXB,YYZ,Thursday,23:30,174,1263
OA-3784,PEK,PVG,Friday,00:30,169,472
TB-3839,YYC,PEK,Saturday,16:15,174,1170
VA-4264,YUL,HND,Sunday,15:15,174,1307
TB-6695,PVG,AMS,Wednesday,22:00,255,945
VA-1263,YYZ,YYC,Saturday,02:45,50,307
TB-9013,HKG,YUL,Monday,09:30,292,822
VA-9001,YVR,AMS,Wednesday,20:30,174,886
CA-3312,LHR,FRA,Monday,21:45,292,119
TB-8443,AMS,YEG,Saturday,12:15,292,2002
TB-8644,LHR,ORD,Monday,17:30,255,747
TB-2198,ATL,PVG,Tuesday,13:45,169,907
OA-9705,YOW,PVG,Tuesday,19:15,169,1327
TB-9299,ORD,PEK,Saturday,22:30,255,958
VA-4928,YEG,YVR,Tuesday,06:30,76,191
VA-7794,YEG,ATL,Wednesday,17:15,292,640
VA-4319,AMS,ORD,Saturday,20:00,255,1185
OA-2631,YUL,DXB,Friday,14:00,292,1438
OA-4633,DXB,YYC,Tuesday,13:30,255,1134
TB-9597,PVG,DFW,Sunday,08:00,255,849
VA-7136,ORD,ATL,Tuesday,12:15,255,128
OA-7500,AMS,LHR,Sunday,06:15,292,169
TB-1925,YYZ,YVR,Monday,03:45,50,321
VA-5039,ATL,PEK,Friday,20:45,169,768
OA-7563,YYZ,LHR,Wednesday,06:15,292,709
TB-7637,PEK,DFW,Wednesday,14:00,169,1373
OA-4032,HKG,FRA,Saturday,00:00,174,867
CA-1609,YEG,YYC,Tuesday,11:45,120,164
CA-1036,AMS,PVG,Thursday,19:45,169,934
CA-8580,ATL,HKG,Wednesday,15:45,174,1203
TB-2606,LHR,PEK,Sunday,20:30,174,1009
CA-2670,AMS,PVG,Friday,19:45,169,934
8A-7130,YYC,YEG,Wednesday,07:45,78,270
TB-9752,DXB,HKG,Monday,06:00,292,1072
VA-1979,YOW,YVR,Sunday,18:00,78,443
OA-2315,DEL,YYZ,Thursday,21:30,174,786
CA-1510,YUL,YEG,Saturday,02:30,120,518
VA-4582,YVR,YYC,Sunday,22:45,78,230
TB-8465,YOW,FRA,Thursday,06:30,174,1066
TB-1370,YVR,YEG,Sunday,02:30,50,218
TB-8094,YEG,YOW,Tuesday,01:15,78,623
TB-9719,YYZ,PVG,Saturday,09:30,292,964
OA-2004,PVG,ATL,Friday,20:15,255,1209
VA-2793,YEG,FRA,Friday,09:15,255,1252
C4-1913,YYC,YUL,Thursday,01:15,78,371
OA-9734,YVR,PVG,Thursday,11:30,292,645
VA-6619,AMS,PEK,Wednesday,05:30,169,743
CA-7577,YYZ,YYC,Tuesday,02:45,50,307
CA-4094,HND,PVG,Sunday,23:00,292,1029
TB-5712,YVR,YUL,Monday,20:00,78,402
VA-2499,DEL,LHR,Thursday,13:15,174,861
TB-5465,YUL,YEG,Tuesday,02:30,120,518
VA-7792,HKG,YVR,Friday,06:30,169,978
OA-7190,YEG,YWG,Monday,11:45,78,194
CA-7567,FRA,YYC,Thursday,23:30,174,1210
VA-3103,FRA,LHR,Wednesday,15:45,169,163
CA-5910,YWG,YEG,Monday,18:15,50,442
VA-4237,YWG,ATL,Saturday,10:45,255,857
VA-9238,YYZ,DFW,Monday,11:45,292,525
TB-9816,DEL,YUL,Friday,22:15,169,1285
VA-9462,DEL,YUL,Thursday,22:15,169,1285
VA-4935,YWG,FRA,Wednesday,18:15,174,1139
VA-2821,DEL,YOW,Monday,23:30,292,1308
OA-4491,DEL,AMS,Sunday,08:15,169,568
OA-5102,YOW,YWG,Thursday,11:30,78,316
OA-7145,DFW,YYC,Sunday,05:45,174,305
TB-4883,YOW,DEL,Wednesday,07:45,169,1251
OA-4518,HND,ATL,Wednesday,00:45,174,1429
CA-1584,YWG,DEL,Tuesday,22:15,292,1551
VA-4619,LHR,ORD,Friday,17:30,255,747
OA-6564,YVR,CDG,Sunday,03:45,255,906
CA-9964,YEG,HND,Monday,04:00,169,1245
VA-7445,AMS,YVR,Saturday,13:30,174,890
VA-5781,PVG,ORD,Thursday,19:45,255,1600
8A-9039,YYC,YEG,Sunday,07:45,78,270
TB-9387,YYZ,YYC,Thursday,02:45,50,307
OA-1085,ATL,YYZ,Monday,14:30,292,337
CA-6964,HKG,FRA,Thursday,00:00,174,867
OA-3165,AMS,YVR,Friday,13:30,174,890
TB-3651,ORD,HND,Monday,00:45,169,1113
CA-3261,YOW,DEL,Sunday,07:45,169,1251
VA-3327,YWG,LHR,Saturday,08:45,169,1331
OA-5679,FRA,DXB,Monday,21:45,292,334
CA-8305,DFW,HKG,Monday,22:45,174,966
CA-4063,AMS,YEG,Wednesday,12:15,292,2002
CA-9007,AMS,DEL,Sunday,01:00,292,962
CA-5749,YUL,AMS,Saturday,00:15,255,813
VA-8484,YEG,AMS,Sunday,05:00,174,1193
TB-4831,DEL,YEG,Saturday,11:00,255,848
OA-9984,ATL,HND,Friday,13:30,292,1257
CA-5063,YWG,PEK,Sunday,19:15,255,962
OA-2134,DXB,DFW,Wednesday,05:45,174,774
TB-2822,YYC,DXB,Tuesday,19:00,292,1329
OA-7746,YVR,HKG,Saturday,07:30,255,670
CA-3447,AMS,FRA,Tuesday,14:30,255,170
OA-2411,YOW,DFW,Wednesday,11:15,255,816
VA-9316,LHR,HND,Wednesday,06:15,255,854
CA-8354,LHR,YUL,Tuesday,17:00,255,770
OA-6450,ORD,CDG,Friday,07:30,174,1055
CA-1842,LHR,AMS,Friday,04:00,255,109
VA-3714,PVG,AMS,Tuesday,22:00,255,945
CA-5926,PVG,YUL,Monday,13:45,174,998
VA-8864,ORD,PEK,Monday,22:30,255,958
CA-8415,DFW,YVR,Tuesday,08:30,292,264
CA-6066,YYZ,CDG,Tuesday,00:15,292,683
TB-8091,ATL,PVG,Friday,13:45,169,907
CA-4709,YUL,YWG,Wednesday,03:45,78,265
VA-3084,YWG,YYC,Wednesday,10:00,78,200
TB-9273,YYZ,YUL,Sunday,00:30,76,218
TB-9809,ORD,AMS,Monday,22:30,255,1189
TB-6284,HND,ATL,Saturday,00:45,174,1429
OA-5982,DFW,YWG,Wednesday,02:15,255,916
VA-6922,DFW,YOW,Wednesday,21:30,255,490
VA-1496,DXB,FRA,Thursday,11:00,255,503
OA-5475,YUL,DEL,Monday,20:45,255,896
OA-1291,YYZ,YEG,Thursday,06:00,76,366
VA-7743,PVG,HKG,Sunday,12:30,292,325
VA-7255,LHR,PEK,Friday,20:30,174,1009
OA-2761,ATL,DEL,Saturday,07:00,174,1283
OA-1478,DXB,YEG,Monday,08:00,174,1267
VA-2194,LHR,PVG,Saturday,16:00,292,510
VA-7657,DFW,LHR,Sunday,15:30,292,2064
VA-5604,ORD,PVG,Tuesday,22:00,169,851
VA-7667,FRA,PEK,Sunday,12:00,169,474
VA-7321,LHR,YOW,Wednesday,02:45,292,699
VA-2650,PEK,YYZ,Sunday,03:30,169,776
OA-8125,FRA,PVG,Friday,17:15,174,495
TB-4235,CDG,AMS,Friday,11:45,174,303
VA-5194,YWG,ATL,Sunday,10:45,255,857
CA-4784,AMS,DXB,Friday,02:15,255,553
VA-7822,AMS,FRA,Friday,14:30,255,170
VA-3584,ATL,FRA,Saturday,12:00,169,1444
CA-2905,YUL,YVR,Saturday,18:30,120,380
OA-6979,PEK,PVG,Tuesday,00:30,169,472
VA-8306,DEL,CDG,Monday,08:30,255,421
CA-2283,DFW,YOW,Monday,21:30,255,490
CA-7920,PEK,YVR,Saturday,18:45,169,4710
VA-8036,YOW,YWG,Monday,11:30,78,316
TB-9116,YOW,DFW,Monday,11:15,255,816
OA-9394,DFW,YWG,Sunday,02:15,255,916
VA-3106,YOW,AMS,Friday,17:45,292,751
TB-3202,AMS,HND,Monday,03:15,169,971
OA-8402,ATL,YVR,Sunday,15:15,255,341
OA-7847,DXB,PEK,Wednesday,19:45,292,416
TB-9042,DEL,HKG,Monday,01:15,292,181
CA-8605,YYZ,FRA,Wednesday,10:15,292,882
TB-9109,YYZ,ORD,Thursday,01:30,255,268
TB-8244,HKG,YYZ,Sunday,11:30,292,798
CA-5681,YWG,YYC,Thursday,10:00,78,200
VA-2107,DXB,ORD,Saturday,08:30,255,1144
VA-9113,YYZ,AMS,Sunday,18:00,292,1029
OA-6444,YOW,HKG,Tuesday,04:30,292,968
CA-2212,YUL,YYZ,Thursday,11:30,120,100
CA-8156,ATL,HKG,Thursday,15:45,174,1203
TB-1562,YEG,DXB,Friday,12:45,292,1287
CA-9349,YYC,HND,Saturday,04:45,292,1301
TB-5045,AMS,YYZ,Friday,17:45,169,819
CA-9111,ATL,PEK,Thursday,20:45,169,768
TB-5187,YVR,YOW,Wednesday,04:30,50,404
VA-4092,YWG,YVR,Sunday,14:45,50,336
TB-8517,PEK,AMS,Sunday,21:15,255,924
TB-5456,ORD,DEL,Tuesday,02:15,255,1197
CA-3678,YOW,YEG,Tuesday,09:45,120,799
OA-5381,YUL,ATL,Saturday,19:45,169,437
TB-7074,DXB,YVR,Thursday,06:30,255,981
TB-3788,YWG,DFW,Wednesday,15:00,292,823
VA-3973,YUL,YYC,Monday,20:30,78,435
OA-1111,LHR,CDG,Wednesday,16:00,174,166
TB-3226,PEK,FRA,Friday,06:15,169,635
TB-5835,YYC,PVG,Friday,17:30,174,1105
TB-3048,YYC,AMS,Sunday,07:45,255,1151
TB-4484,YOW,DXB,Sunday,05:15,255,1449
CA-3076,ATL,YYZ,Sunday,14:30,292,337
VA-6414,YVR,YEG,Tuesday,02:30,50,218
TB-1255,YWG,YEG,Saturday,18:15,50,442
CA-5950,YVR,YWG,Thursday,20:30,78,317
CA-3426,YUL,YVR,Wednesday,18:30,120,380
CA-7876,FRA,YVR,Sunday,07:00,292,1262
VA-3601,YWG,CDG,Saturday,16:45,255,1010
TB-1939,ORD,HKG,Monday,12:00,255,1113
VA-1649,YEG,YWG,Thursday,11:45,78,194
VA-2082,DFW,YEG,Monday,05:30,292,297
TB-9076,LHR,PEK,Wednesday,20:30,174,1009
TB-1176,DXB,YOW,Wednesday,07:15,292,2177
VA-1446,ATL,AMS,Monday,12:15,174,1174
VA-3335,DFW,PEK,Friday,18:00,174,993
CA-1023,DFW,ORD,Sunday,22:15,292,136
CA-8552,DFW,YVR,Wednesday,08:30,292,264
TB-4903,YOW,YYZ,Sunday,16:45,50,90
TB-7835,PVG,ATL,Tuesday,20:15,255,1209
VA-8435,YOW,DXB,Saturday,05:15,255,1449
OA-4561,HKG,PEK,Friday,13:30,255,580
OA-7426,YUL,YYZ,Saturday,11:30,120,100
OA-2885,DFW,CDG,Monday,10:30,255,1128
TB-9125,ORD,AMS,Tuesday,22:30,255,1189
CA-6763,YOW,YEG,Wednesday,09:45,120,799
VA-3538,FRA,ATL,Saturday,01:45,169,719
CA-2537,HKG,PEK,Wednesday,13:30,255,580
OA-7789,YYZ,AMS,Thursday,18:00,292,1029
TB-6498,YWG,YYZ,Thursday,00:00,120,175
OA-6696,YYC,HKG,Friday,03:15,169,842
VA-8648,YEG,YYC,Wednesday,11:45,120,164
VA-3370,YOW,YVR,Thursday,18:00,78,443
VA-1405,YYZ,DXB,Sunday,17:15,255,1097
VA-8249,YYZ,ORD,Wednesday,01:30,255,268
OA-4714,LHR,HKG,Wednesday,22:15,174,3124
VA-3081,PVG,CDG,Wednesday,05:00,255,510
VA-5632,YYC,DFW,Sunday,21:00,169,328
OA-3107,YVR,HND,Friday,14:30,174,861
CA-1495,YYZ,YOW,Tuesday,16:30,78,210
CA-3533,ORD,PVG,Wednesday,22:00,169,851
VA-4529,HND,PVG,Tuesday,23:00,292,1029
VA-9724,ORD,CDG,Monday,07:30,174,1055
CA-2075,DFW,DEL,Thursday,10:00,174,1265
CA-2593,DEL,ORD,Wednesday,14:45,292,905
OA-2469,YUL,HND,Thursday,15:15,174,1307
TB-8330,PEK,DFW,Sunday,14:00,169,1373
OA-3824,YYZ,ORD,Monday,01:30,255,268
OA-2767,ATL,DFW,Monday,08:15,255,143
VA-3751,YYZ,FRA,Thursday,10:15,292,882
TB-4961,YYC,AMS,Friday,07:45,255,1151
VA-5071,FRA,PVG,Monday,17:15,174,495
CA-1379,YEG,ORD,Tuesday,21:30,292,404
OA-7008,DFW,DXB,Sunday,04:15,169,898
TB-6875,FRA,YOW,Sunday,08:15,292,709
VA-8285,DFW,DEL,Monday,10:00,174,1265
VA-1347,PEK,LHR,Sunday,19:15,255,816
TB-5746,HND,HKG,Monday,19:45,255,386
CA-7848,YVR,YOW,Monday,04:30,50,404
OA-6602,YYZ,YUL,Saturday,00:30,76,218
VA-974H,YYC,YOW,Sunday,21:15,78,792
TB-3903,YYZ,YVR,Friday,03:45,50,321
CA-2144,DXB,DFW,Thursday,05:45,174,774
CA-8073,HKG,FRA,Wednesday,00:00,174,867
OA-9908,YUL,LHR,Friday,23:30,292,802
CA-2131,YYC,YYZ,Wednesday,17:00,120,226
TB-3956,YVR,YOW,Saturday,04:30,50,404
CA-2457,ATL,CDG,Saturday,18:00,169,848
OA-3425,PEK,ATL,Sunday,22:00,169,1534
VA-7363,DXB,AMS,Sunday,18:30,292,722
VA-5878,PVG,AMS,Monday,22:00,255,945
OA-4049,YUL,LHR,Sunday,23:30,292,802
CA-2647,YEG,YOW,Monday,01:15,78,623
CA-4374,YYC,HKG,Saturday,03:15,169,842
VA-6232,YUL,PVG,Thursday,09:45,174,802
TB-5256,CDG,HKG,Wednesday,22:30,169,840
OA-9702,YYZ,DEL,Sunday,04:15,292,978
OA-6773,PVG,PEK,Thursday,00:15,255,436
CA-5351,YEG,PEK,Sunday,00:15,255,1052
TB-2191,HND,CDG,Wednesday,19:30,174,791
V1-7155,YYC,YYZ,Sunday,17:00,120,226
VA-5029,YVR,FRA,Sunday,17:15,255,1222
CA-7993,YYZ,HND,Sunday,09:15,292,1050
VA-6652,CDG,DXB,Saturday,00:15,174,524
OA-7571,HKG,DEL,Tuesday,07:15,292,574
VA-3131,YOW,HKG,Sunday,04:30,292,968
CA-5703,PVG,HND,Wednesday,07:45,169,484
CA-6529,HND,DEL,Thursday,22:15,169,425
VA-3395,DEL,ATL,Friday,20:15,255,1308
TB-9260,ATL,PVG,Thursday,13:45,169,907
OA-5561,YYZ,YUL,Monday,00:30,76,218
VA-8144,YWG,YYZ,Friday,00:00,120,175
VA-3137,YWG,DEL,Wednesday,22:15,292,1551
T0-79C3,YYC,YWG,Wednesday,04:30,50,500
TB-3773,YUL,ATL,Wednesday,19:45,169,437
TB-3521,DXB,HKG,Tuesday,06:00,292,1072
OA-1312,YUL,YEG,Sunday,02:30,120,518
TB-4524,DFW,HKG,Friday,22:45,174,966
VA-5038,HKG,YVR,Sunday,06:30,169,978
VA-8027,YWG,YOW,Sunday,10:15,76,399
TB-3145,YYZ,YOW,Wednesday,16:30,78,210
TB-4038,CDG,DEL,Saturday,19:00,255,602
VA-4870,YUL,CDG,Friday,16:30,169,788
CA-9297,YVR,ORD,Monday,18:15,169,309
TB-1775,YVR,ATL,Thursday,17:30,169,335
OA-2479,ATL,PEK,Monday,20:45,169,768
8A-7296,YYC,YUL,Friday,01:15,78,371
O5-1915,YYC,YYZ,Thursday,17:00,120,226
CA-3253,YVR,YWG,Sunday,20:30,78,317
VA-3319,YOW,HKG,Wednesday,04:30,292,968
VA-6019,CDG,LHR,Friday,00:15,169,80
VA-6844,ATL,ORD,Sunday,13:00,255,162
OA-2084,YWG,YUL,Saturday,20:00,78,468
CA-6750,YVR,AMS,Monday,20:30,174,886
CA-7121,LHR,YWG,Thursday,11:45,169,1146
VA-1000,FRA,YVR,Monday,07:00,292,1262
TB-6960,HND,HKG,Sunday,19:45,255,386
TB-4627,YWG,PVG,Thursday,03:00,292,1466
CA-5232,YOW,YYZ,Monday,16:45,50,90
TB-1869,CDG,ATL,Saturday,16:00,169,954
VA-3065,YYC,FRA,Wednesday,00:45,174,976
TB-8005,YEG,FRA,Monday,09:15,255,1252
CA-3720,PVG,DXB,Friday,21:45,169,2236
OA-5929,YYZ,DEL,Monday,04:15,292,978
CA-6665,DEL,ORD,Sunday,14:45,292,905
OA-6277,YYC,PEK,Wednesday,16:15,174,1170
OA-6299,AMS,ATL,Saturday,20:15,169,821
OA-4746,DFW,AMS,Saturday,15:30,169,631
VA-9443,YEG,YUL,Wednesday,10:30,120,557
CA-5474,DFW,PVG,Friday,03:15,255,1336
TB-3485,YUL,PEK,Wednesday,08:45,169,871
TB-2259,YEG,DXB,Thursday,12:45,292,1287
OA-4511,YVR,YEG,Thursday,02:30,50,218
CA-4515,DXB,YYZ,Wednesday,23:30,174,1263
VA-8023,PVG,DXB,Wednesday,21:45,169,2236
TB-8739,ORD,YYZ,Friday,07:00,292,111
CA-6668,YYC,HND,Wednesday,04:45,292,1301
VA-1088,YWG,YYZ,Monday,00:00,120,175
OA-3844,YYZ,PEK,Tuesday,17:15,292,968
CA-8480,YEG,YYC,Sunday,11:45,120,164
VA-2410,YWG,YOW,Wednesday,10:15,76,399
OA-4676,DXB,YVR,Tuesday,06:30,255,981
OA-8924,ATL,YYC,Sunday,16:15,292,405
TB-7418,CDG,AMS,Saturday,11:45,174,303
OA-2645,YVR,PVG,Wednesday,11:30,292,645
OA-2237,YVR,YYZ,Sunday,19:15,78,351
CA-1163,DEL,YYC,Tuesday,10:00,169,1086
OA-5776,YYC,DXB,Monday,19:00,292,1329
TB-3988,YEG,PVG,Monday,18:15,292,820
VA-3909,LHR,YYC,Sunday,07:45,169,835
CA-1047,ATL,DEL,Thursday,07:00,174,1283
TB-9208,HND,PEK,Sunday,10:15,292,746
CA-8814,DXB,DEL,Friday,10:45,292,274
OA-9653,LHR,DEL,Friday,16:00,169,561
TB-4173,PEK,YYZ,Saturday,03:30,169,776
CA-7158,HKG,YUL,Sunday,09:30,292,822
TB-1830,YEG,YWG,Tuesday,11:45,78,194
VA-1524,YYC,DXB,Thursday,19:00,292,1329
OA-2477,YWG,HKG,Thursday,07:15,174,1253
CA-5042,YYC,PEK,Thursday,16:15,174,1170
TB-6632,PVG,YYZ,Monday,09:00,169,1033
O0-20D5,YYC,YOW,Saturday,21:15,78,792
CA-9426,PEK,YVR,Thursday,18:45,169,4710
CA-4148,YYC,YUL,Wednesday,01:15,78,371
TB-5395,PEK,HND,Friday,21:00,169,443
VA-6786,PVG,ATL,Monday,20:15,255,1209
VA-1322,YWG,HKG,Tuesday,07:15,174,1253
VA-5290,DEL,YYC,Wednesday,10:00,169,1086
TB-4974,DEL,YYC,Sunday,10:00,169,1086
TB-9733,FRA,HKG,Thursday,09:00,292,601
VA-3097,YYC,YOW,Monday,21:15,78,792
TB-3201,YOW,YYZ,Wednesday,16:45,50,90
OA-7045,PEK,DEL,Friday,17:30,255,749
VA-4059,YYC,PVG,Thursday,17:30,174,1105
VA-7061,YEG,ORD,Friday,21:30,292,404
CA-2450,ATL,HND,Saturday,13:30,292,1257
VA-3130,YUL,YWG,Friday,03:45,78,265
TB-6505,YOW,HND,Saturday,22:00,292,1250
CA-5321,LHR,YOW,Friday,02:45,292,699
OA-7324,YOW,PEK,Saturday,01:00,174,882
CA-6215,HKG,ATL,Tuesday,12:30,169,1689
VA-1744,YOW,YEG,Monday,09:45,120,799
OA-3030,LHR,YVR,Thursday,03:45,174,948
TB-8773,YEG,DFW,Monday,19:15,292,573
TB-8137,AMS,YVR,Wednesday,13:30,174,890
OA-4250,YYZ,YEG,Monday,06:00,76,366
CA-9743,FRA,AMS,Tuesday,01:45,255,159
CA-3778,PEK,HND,Tuesday,21:00,169,443
CA-8467,AMS,FRA,Wednesday,14:30,255,170
OA-2203,YYC,DEL,Friday,10:45,169,1242
VA-1109,HKG,PVG,Friday,01:00,174,495
CA-1292,AMS,YUL,Wednesday,05:30,169,674
TB-3462,DEL,DXB,Saturday,04:15,169,354
VA-1732,HKG,CDG,Monday,06:30,169,593
OA-4479,PEK,PVG,Wednesday,00:30,169,472
TB-9499,YWG,YEG,Tuesday,18:15,50,442
VA-4393,LHR,YWG,Wednesday,11:45,169,1146
CA-9202,YVR,HND,Saturday,14:30,174,861
CA-8632,YEG,YUL,Thursday,10:30,120,557
OA-3271,YYZ,PEK,Monday,17:15,292,968
CA-6634,YWG,YEG,Thursday,18:15,50,442
TB-4190,DXB,LHR,Friday,23:15,169,726
OA-7464,YEG,DEL,Wednesday,23:30,292,1215
OA-4837,AMS,HND,Thursday,03:15,169,971
CA-6266,YOW,YYC,Thursday,21:45,50,394
CA-1829,YWG,YVR,Saturday,14:45,50,336
TB-6836,YWG,DFW,Sunday,15:00,292,823
TB-2804,ATL,AMS,Friday,12:15,174,1174
VA-1411,FRA,YOW,Saturday,08:15,292,709
CA-4145,ORD,YWG,Friday,22:45,174,470
OA-6333,FRA,ORD,Thursday,03:15,174,829
CA-2815,DXB,ORD,Thursday,08:30,255,1144
TB-8243,YUL,ORD,Sunday,01:45,292,283
TB-9248,YYZ,YWG,Saturday,22:15,76,313
TB-5094,YVR,YWG,Saturday,20:30,78,317
VA-4763,ATL,CDG,Thursday,18:00,169,848
OA-2310,FRA,PEK,Friday,12:00,169,474
TB-8946,YYZ,AMS,Tuesday,18:00,292,1029
TB-5510,DFW,YYZ,Thursday,20:00,174,369
VA-6746,HKG,YYZ,Friday,11:30,292,798
VA-6192,FRA,DXB,Sunday,21:45,292,334
TB-3990,YEG,ATL,Tuesday,17:15,292,640
VA-9014,CDG,HND,Monday,20:00,174,775
CA-6730,DEL,YOW,Saturday,23:30,292,1308
TB-9553,PVG,ORD,Wednesday,19:45,255,1600
OA-7354,PVG,CDG,Friday,05:00,255,510
TB-8891,DFW,LHR,Tuesday,15:30,292,2064
OA-3094,YEG,DXB,Sunday,12:45,292,1287
VA-5550,ATL,DEL,Sunday,07:00,174,1283
TB-4069,CDG,LHR,Thursday,00:15,169,80
OA-3287,AMS,ATL,Monday,20:15,169,821
TB-1086,HKG,YVR,Monday,06:30,169,978
TB-5425,ATL,LHR,Friday,00:30,169,883
TB-5457,LHR,CDG,Friday,16:00,174,166
VA-5960,YYC,AMS,Wednesday,07:45,255,1151
TB-4842,YVR,DXB,Thursday,06:00,292,1334
VA-5076,YUL,DFW,Thursday,05:45,169,449
CA-2219,LHR,HKG,Sunday,22:15,174,3124
OA-6735,CDG,ORD,Wednesday,14:45,292,606
CA-5225,DXB,ATL,Saturday,10:00,174,1068
VA-9744,HND,CDG,Saturday,19:30,174,791
TB-7237,YOW,FRA,Monday,06:30,174,1066
OA-5014,HKG,DEL,Wednesday,07:15,292,574
OA-4017,YVR,CDG,Friday,03:45,255,906
OA-4218,YWG,ORD,Monday,01:30,292,474
OA-7896,YWG,YUL,Wednesday,20:00,78,468
CA-8211,PEK,LHR,Tuesday,19:15,255,816
VA-2599,DEL,PEK,Tuesday,03:00,255,415
OA-3028,YOW,YVR,Wednesday,18:00,78,443
VA-2501,YYZ,YOW,Friday,16:30,78,210
OA-4202,ORD,DFW,Tuesday,04:15,292,180
VA-5610,CDG,YYC,Tuesday,06:00,255,1267
TB-4829,YWG,CDG,Monday,16:45,255,1010
OA-3227,DXB,FRA,Friday,11:00,255,503
C8-W521,YYC,YWG,Thursday,04:30,50,500
CA-9365,YEG,YYZ,Monday,03:00,78,198
VA-2965,YWG,LHR,Thursday,08:45,169,1331
CA-9468,ORD,LHR,Saturday,01:00,292,1151
TB-3760,FRA,HND,Sunday,15:45,169,1081
VA-2061,ORD,YOW,Saturday,20:45,255,664
VA-6281,YOW,FRA,Friday,06:30,174,1066
TB-3617,PEK,DEL,Tuesday,17:30,255,749
CA-8798,DFW,YUL,Sunday,07:00,169,364
OA-2696,YVR,YYC,Wednesday,22:45,78,230
OA-8071,PEK,YYC,Wednesday,20:00,174,1014
TB-8533,YYC,ORD,Tuesday,20:45,169,320
CA-4969,YUL,HKG,Sunday,15:30,169,1220
TB-7262,YVR,YWG,Friday,20:30,78,317
VA-6242,ORD,YVR,Tuesday,11:30,169,400
TB-8599,YUL,PEK,Sunday,08:45,169,871
OA-1881,FRA,YWG,Tuesday,11:15,292,749
TB-2044,CDG,HKG,Thursday,22:30,169,840
OA-5940,HKG,PVG,Tuesday,01:00,174,495
CA-9172,DXB,YEG,Sunday,08:00,174,1267
CA-1783,YVR,YYZ,Thursday,19:15,78,351
CA-4265,CDG,YUL,Friday,01:15,169,533
CA-1058,YYZ,YYC,Friday,02:45,50,307
TB-9467,YOW,ATL,Thursday,20:30,169,593
TB-6046,YYZ,PEK,Saturday,17:15,292,968
VA-9714,ORD,YUL,Saturday,18:45,292,396
OA-1946,YYZ,LHR,Monday,06:15,292,709
CA-6379,DXB,ORD,Monday,08:30,255,1144
VA-2206,FRA,YUL,Monday,19:00,255,468
TB-2264,ORD,YOW,Thursday,20:45,255,664
TB-2628,DFW,HND,Thursday,20:30,255,1737
VA-3196,YVR,DXB,Tuesday,06:00,292,1334
TB-7492,FRA,YUL,Wednesday,19:00,255,468
OA-1665,PEK,YYC,Friday,20:00,174,1014
OA-1674,PEK,YYZ,Friday,03:30,169,776
CA-6229,YYZ,YWG,Thursday,22:15,76,313
CA-9152,ATL,DXB,Friday,18:30,169,1101
TB-8420,YVR,FRA,Thursday,17:15,255,1222
TB-7148,ATL,YUL,Sunday,21:15,292,446
OA-3486,YVR,YYZ,Monday,19:15,78,351
VA-1137,YUL,HKG,Friday,15:30,169,1220
OA-4165,YOW,ORD,Thursday,15:15,292,539
OA-6396,YUL,YVR,Tuesday,18:30,120,380
OA-9096,PVG,ORD,Friday,19:45,255,1600
VA-6064,FRA,ORD,Tuesday,03:15,174,829
TB-4489,PEK,ORD,Monday,20:00,292,871
OA-8844,AMS,DXB,Saturday,02:15,255,553
VA-8193,LHR,YYZ,Friday,12:15,174,914
VA-5601,YEG,YUL,Sunday,10:30,120,557
TB-6419,LHR,DEL,Saturday,16:00,169,561
OA-1907,DFW,DEL,Sunday,10:00,174,1265
VA-2069,FRA,PEK,Tuesday,12:00,169,474
CA-9340,YOW,AMS,Monday,17:45,292,751
VA-7213,YOW,PEK,Wednesday,01:00,174,882
OA-3121,YYZ,YOW,Thursday,16:30,78,210
OA-2427,FRA,ATL,Friday,01:45,169,719
TB-6503,DXB,YUL,Saturday,23:30,255,716
CA-5120,YVR,DFW,Sunday,19:30,174,357
CA-4012,FRA,YYZ,Monday,12:45,255,503
TB-6940,LHR,FRA,Tuesday,21:45,292,119
OA-8135,YUL,YYZ,Friday,11:30,120,100
VA-9150,YEG,YVR,Friday,06:30,76,191
CA-9876,YEG,PEK,Saturday,00:15,255,1052
VA-1760,YUL,YWG,Thursday,03:45,78,265
TB-9823,YUL,AMS,Monday,00:15,255,813
CA-4048,CDG,HKG,Saturday,22:30,169,840
VA-4149,LHR,YWG,Tuesday,11:45,169,1146
VA-2849,YUL,YYC,Tuesday,20:30,78,435
TB-4611,YOW,YWG,Friday,11:30,78,316
VA-9404,YUL,PEK,Saturday,08:45,169,871
OA-9844,YYZ,YEG,Wednesday,06:00,76,366
TB-6662,YOW,CDG,Tuesday,09:45,292,1060
VA-7971,DFW,ATL,Tuesday,07:30,169,197
CA-4767,LHR,YVR,Saturday,03:45,174,948
OA-7062,PVG,PEK,Wednesday,00:15,255,436
OA-3724,YOW,ATL,Monday,20:30,169,593
VA-8738,FRA,YOW,Friday,08:15,292,709
CA-9424,ORD,FRA,Tuesday,11:15,169,508
VA-7S89,YYC,YEG,Thursday,07:45,78,270
VA-1419,ATL,YUL,Tuesday,21:15,292,446
OA-8688,ATL,AMS,Thursday,12:15,174,1174
CA-2110,YUL,HND,Monday,15:15,174,1307
OA-9529,AMS,LHR,Tuesday,06:15,292,169
OA-3349,DEL,LHR,Tuesday,13:15,174,861
TB-1459,CDG,DXB,Thursday,00:15,174,524
VA-6111,FRA,HKG,Monday,09:00,292,601
VA-7998,FRA,YWG,Sunday,11:15,292,749
OA-7198,YYZ,ATL,Sunday,00:15,255,675
VA-5849,YOW,YEG,Saturday,09:45,120,799
TB-8210,YUL,YVR,Monday,18:30,120,380
VA-6640,LHR,CDG,Sunday,16:00,174,166
CA-3411,LHR,YYZ,Thursday,12:15,174,914
VA-4034,AMS,DEL,Tuesday,01:00,292,962
TB-9769,ORD,DXB,Saturday,20:45,292,1033
TB-4610,DEL,YUL,Monday,22:15,169,1285
OA-8663,AMS,YUL,Saturday,05:30,169,674
CA-7845,YEG,DFW,Wednesday,19:15,292,573
OA-6427,YOW,ORD,Monday,15:15,292,539
TB-7610,AMS,YYZ,Thursday,17:45,169,819
OA-6478,DFW,YEG,Saturday,05:30,292,297
VA-2426,YYZ,HKG,Monday,11:00,169,959
VA-3635,YYZ,HND,Thursday,09:15,292,1050
TB-3698,YWG,HND,Thursday,14:30,292,1083
OA-8908,YYC,YWG,Sunday,04:30,50,500
VA-5458,YWG,YYC,Tuesday,10:00,78,200
CA-8346,YYC,ATL,Thursday,20:15,174,501
TB-2792,LHR,DFW,Sunday,14:30,292,892
OA-1784,DEL,ATL,Wednesday,20:15,255,1308
TB-9996,ORD,HKG,Saturday,12:00,255,1113
OA-7598,CDG,DXB,Wednesday,00:15,174,524
VA-1795,PVG,YYZ,Wednesday,09:00,169,1033
CA-8703,YEG,PVG,Friday,18:15,292,820
TB-2766,LHR,DXB,Wednesday,10:00,255,1986
TB-2783,YUL,YWG,Tuesday,03:45,78,265
CA-1148,PEK,ORD,Thursday,20:00,292,871
TB-7214,YVR,DEL,Monday,01:45,255,1159
OA-2655,YEG,DEL,Thursday,23:30,292,1215
VA-6827,DFW,YVR,Thursday,08:30,292,264
CA-7294,YYC,ATL,Sunday,20:15,174,501
VA-9331,CDG,YVR,Saturday,03:15,174,1385
VA-2374,YYZ,YWG,Tuesday,22:15,76,313
VA-2065,YYC,FRA,Tuesday,00:45,174,976
TB-6819,LHR,YOW,Saturday,02:45,292,699
CA-1632,DEL,PVG,Sunday,23:30,174,322
VA-9040,AMS,YYZ,Tuesday,17:45,169,819
TB-3161,YYC,CDG,Thursday,10:30,174,1013
OA-7723,FRA,ORD,Saturday,03:15,174,829
VA-6182,YOW,DFW,Thursday,11:15,255,816
CA-1096,AMS,DXB,Thursday,02:15,255,553
CA-9197,YOW,YWG,Tuesday,11:30,78,316
VA-6301,DFW,PEK,Saturday,18:00,174,993
OA-7339,YUL,YYZ,Wednesday,11:30,120,100
OA-6073,CDG,ORD,Monday,14:45,292,606
TB-7002,YWG,YOW,Saturday,10:15,76,399
TB-3392,YYC,YEG,Friday,07:45,78,270
VA-2246,YOW,LHR,Wednesday,12:00,292,958
OA-6418,LHR,YVR,Sunday,03:45,174,948
CA-9421,ORD,FRA,Saturday,11:15,169,508
OA-7771,HKG,HND,Saturday,21:30,169,524
CA-4172,DXB,CDG,Friday,04:30,169,600
TB-6607,YYZ,YWG,Monday,22:15,76,313
TB-3929,YVR,DEL,Friday,01:45,255,1159
TB-5418,ATL,DXB,Tuesday,18:30,169,1101
VA-1976,YYC,ORD,Monday,20:45,169,320
OA-7242,ATL,YEG,Thursday,03:30,255,429
VA-9430,YYZ,YUL,Thursday,00:30,76,218
TB-1063,LHR,HND,Friday,06:15,255,854
OA-9065,YUL,ORD,Monday,01:45,292,283
OA-6123,YUL,YYC,Thursday,20:30,78,435
VA-8212,DFW,ATL,Saturday,07:30,169,197
VA-5787,CDG,ORD,Tuesday,14:45,292,606
TB-2363,PVG,YUL,Saturday,13:45,174,998
OA-1505,LHR,DXB,Tuesday,10:00,255,1986
VA-8627,LHR,YYC,Friday,07:45,169,835
OA-9093,LHR,ATL,Saturday,05:15,292,396
TB-1463,YVR,YYZ,Wednesday,19:15,78,351
TB-5387,ORD,YYC,Friday,11:15,169,416
TB-2350,DXB,YYC,Wednesday,13:30,255,1134
CA-4086,PVG,HND,Thursday,07:45,169,484
CA-4376,YUL,PVG,Sunday,09:45,174,802
TB-5759,DEL,PVG,Tuesday,23:30,174,322
TB-5061,YYZ,DXB,Tuesday,17:15,255,1097
CA-5155,AMS,PEK,Thursday,05:30,169,743
CA-9435,FRA,PVG,Sunday,17:15,174,495
TB-8011,HKG,ORD,Wednesday,03:00,169,736
TB-6096,ORD,ATL,Thursday,12:15,255,128
OA-9080,DEL,YOW,Tuesday,23:30,292,1308
VA-6086,YVR,FRA,Tuesday,17:15,255,1222
CA-1474,DXB,LHR,Tuesday,23:15,169,726
VA-2307,YVR,YUL,Wednesday,20:00,78,402
CA-2986,DEL,YEG,Tuesday,11:00,255,848
CA-6308,YVR,YEG,Saturday,02:30,50,218
VA-5432,YWG,DEL,Monday,22:15,292,1551
OA-7871,HND,CDG,Tuesday,19:30,174,791
OA-8302,YYZ,YVR,Wednesday,03:45,50,321
OA-2445,DFW,FRA,Friday,06:15,255,1188
TB-5410,AMS,ORD,Tuesday,20:00,255,1185
TB-2709,YUL,ORD,Tuesday,01:45,292,283
TB-8541,YOW,YYC,Saturday,21:45,50,394
CA-5847,DEL,PEK,Friday,03:00,255,415
OA-1685,ORD,YYC,Monday,11:15,169,416
OA-9290,YEG,CDG,Saturday,21:00,169,1456
OA-6034,PVG,YVR,Tuesday,22:30,174,1059
VA-2047,ORD,YYC,Thursday,11:15,169,416
TB-3240,FRA,CDG,Monday,01:15,255,124
OA-3207,YWG,AMS,Sunday,18:30,292,1123
TB-5105,YWG,YVR,Tuesday,14:45,50,336
TB-2708,LHR,ATL,Sunday,05:15,292,396
OA-3740,YOW,YYC,Wednesday,21:45,50,394
TB-5264,YOW,YEG,Sunday,09:45,120,799
VA-2640,YYZ,PVG,Monday,09:30,292,964
VA-9869,ATL,DFW,Thursday,08:15,255,143
OA-3481,LHR,PVG,Sunday,16:00,292,510
CA-5870,DXB,CDG,Saturday,04:30,169,600
CA-3613,HKG,PVG,Thursday,01:00,174,495
CA-3487,YOW,LHR,Thursday,12:00,292,958
OA-1206,YYC,DEL,Wednesday,10:45,169,1242
OA-5990,DFW,CDG,Wednesday,10:30,255,1128
TB-2602,CDG,YYC,Saturday,06:00,255,1267
TB-1225,HKG,CDG,Tuesday,06:30,169,593
OA-1560,LHR,YEG,Monday,16:30,255,1101
TB-3385,LHR,YUL,Saturday,17:00,255,770
VA-2005,DFW,YEG,Friday,05:30,292,297
VA-7538,DEL,AMS,Saturday,08:15,169,568
TB-4093,ATL,YYC,Saturday,16:15,292,405
TB-6447,HND,ATL,Tuesday,00:45,174,1429
OA-9608,FRA,DFW,Wednesday,21:00,174,1160
OA-3610,DEL,ATL,Thursday,20:15,255,1308
CA-7946,DEL,PVG,Thursday,23:30,174,322
OA-F264,YYC,YVR,Thursday,10:00,78,183
VA-6203,YUL,ATL,Friday,19:45,169,437
TB-5791,DFW,YYC,Wednesday,05:45,174,305
VA-7228,YVR,LHR,Wednesday,16:30,174,899
TB-9746,PEK,FRA,Tuesday,06:15,169,635
OA-2552,HKG,ORD,Saturday,03:00,169,736
TB-9741,FRA,YUL,Thursday,19:00,255,468
OA-3696,YWG,YYZ,Saturday,00:00,120,175
VA-6059,YUL,DEL,Tuesday,20:45,255,896
OA-6219,FRA,YVR,Friday,07:00,292,1262
CA-3093,YWG,PEK,Wednesday,19:15,255,962
CA-3828,DXB,PEK,Monday,19:45,292,416
TB-5008,DXB,ATL,Thursday,10:00,174,1068
TB-4404,DFW,CDG,Thursday,10:30,255,1128
OA-9195,PEK,HKG,Monday,19:30,174,400
VA-4240,AMS,YYC,Tuesday,07:15,292,1884
VA-4221,ORD,YWG,Thursday,22:45,174,470
CA-6061,YUL,DFW,Monday,05:45,169,449
OA-7739,YYC,YEG,Monday,07:45,78,270
VA-3268,PVG,YUL,Sunday,13:45,174,998
TB-7450,YVR,HKG,Wednesday,07:30,255,670
OA-6408,YEG,YVR,Monday,06:30,76,191
CA-4651,DEL,PEK,Wednesday,03:00,255,415
CA-6638,PEK,YVR,Monday,18:45,169,4710
TB-1396,AMS,ATL,Sunday,20:15,169,821
TB-9027,YYZ,HKG,Friday,11:00,169,959
OA-1435,DXB,CDG,Thursday,04:30,169,600
OA-2148,CDG,DFW,Wednesday,15:15,255,1044
OA-8158,YYC,YVR,Saturday,10:00,78,183
TB-7660,FRA,YYC,Wednesday,23:30,174,1210
TB-2902,DXB,YEG,Thursday,08:00,174,1267
VA-9307,HKG,YYZ,Wednesday,11:30,292,798
VA-1815,PEK,DEL,Sunday,17:30,255,749
TB-6082,YEG,DFW,Saturday,19:15,292,573
OA-1533,AMS,YOW,Wednesday,22:30,292,861
TB-8559,FRA,YWG,Monday,11:15,292,749
OA-6973,DFW,YUL,Thursday,07:00,169,364
TB-2748,YOW,YVR,Tuesday,18:00,78,443
TB-8157,FRA,YEG,Tuesday,02:15,292,686
CA-4600,YEG,YYZ,Thursday,03:00,78,198
VA-9831,ATL,HND,Thursday,13:30,292,1257
VA-5113,CDG,YYZ,Thursday,02:30,292,682
OA-3616,ORD,DFW,Sunday,04:15,292,180
CA-6226,YWG,PVG,Wednesday,03:00,292,1466
CA-2486,PEK,HKG,Friday,19:30,174,400
CA-9634,PEK,CDG,Thursday,16:00,169,1323
VA-4721,YEG,LHR,Thursday,10:45,255,995
CA-6199,YEG,YYC,Thursday,11:45,120,164
CA-3007,HKG,AMS,Saturday,02:15,169,900
TB-2231,YYC,YOW,Wednesday,21:15,78,792
CA-9282,FRA,LHR,Sunday,15:45,169,163
TB-5020,PVG,DXB,Thursday,21:45,169,2236
TB-1667,ATL,YOW,Tuesday,08:45,292,290
CA-5822,DXB,HKG,Thursday,06:00,292,1072
VA-5788,DEL,YVR,Friday,07:30,174,868
TB-8189,LHR,DXB,Friday,10:00,255,1986
VA-6646,YVR,DFW,Monday,19:30,174,357
CA-6965,YVR,ORD,Sunday,18:15,169,309
CA-6470,YEG,YYZ,Friday,03:00,78,198
CA-1508,YOW,YVR,Saturday,18:00,78,443
OA-9946,DFW,PVG,Tuesday,03:15,255,1336
CA-6081,DFW,DXB,Friday,04:15,169,898
VA-5654,YEG,LHR,Wednesday,10:45,255,995
TB-4895,YYZ,YVR,Tuesday,03:45,50,321
VA-1728,PEK,DFW,Saturday,14:00,169,1373
VA-3073,ORD,LHR,Wednesday,01:00,292,1151
5A-28R6,YYC,YUL,Saturday,01:15,78,371
OA-8818,DFW,YYC,Tuesday,05:45,174,305
VA-1922,CDG,DFW,Tuesday,15:15,255,1044
VA-8476,YOW,HND,Wednesday,22:00,292,1250
CA-3491,DFW,FRA,Tuesday,06:15,255,1188
TB-2903,AMS,YOW,Monday,22:30,292,861
CA-5650,YYC,YYZ,Tuesday,17:00,120,226
CA-3511,ORD,FRA,Monday,11:15,169,508
TB-3597,YOW,PVG,Wednesday,19:15,169,1327
TB-3024,YYZ,FRA,Monday,10:15,292,882
TB-9149,YOW,AMS,Sunday,17:45,292,751
TB-1032,YEG,HND,Sunday,04:00,169,1245
VA-1769,YOW,CDG,Saturday,09:45,292,1060
OA-8707,DXB,PEK,Thursday,19:45,292,416
VA-6016,DXB,DEL,Tuesday,10:45,292,274
CA-9158,CDG,DFW,Friday,15:15,255,1044
CA-2043,HKG,LHR,Friday,12:45,255,646
VA-1426,PVG,YVR,Thursday,22:30,174,1059
OA-9556,ATL,YVR,Thursday,15:15,255,341
VA-9565,CDG,YYZ,Sunday,02:30,292,682
CA-5420,HKG,AMS,Tuesday,02:15,169,900
CA-9810,ATL,YWG,Friday,14:00,255,590
VA-1116,YOW,HND,Friday,22:00,292,1250
C1-3621,YYC,ATL,Saturday,20:15,174,501
OA-5631,YYC,ORD,Saturday,20:45,169,320
OA-2686,YWG,PVG,Sunday,03:00,292,1466
TB-6817,CDG,YUL,Thursday,01:15,169,533
CA-9204,YUL,YYC,Saturday,20:30,78,435
CA-2772,DFW,AMS,Friday,15:30,169,631
OA-6446,YVR,ATL,Saturday,17:30,169,335
OA-5796,DXB,YOW,Thursday,07:15,292,2177
CA-1076,CDG,DEL,Monday,19:00,255,602
OA-4776,YOW,YYC,Sunday,21:45,50,394
TB-1492,CDG,HND,Friday,20:00,174,775
TB-9171,YOW,YYZ,Saturday,16:45,50,90
OA-3522,YEG,PEK,Wednesday,00:15,255,1052
VA-8692,YEG,YOW,Thursday,01:15,78,623
CA-1977,YYZ,ATL,Tuesday,00:15,255,675
TB-9342,YVR,YEG,Monday,02:30,50,218
TB-7925,HND,PVG,Thursday,23:00,292,1029
T4-5171,YYC,YWG,Tuesday,04:30,50,500
TB-5360,AMS,YEG,Tuesday,12:15,292,2002
CA-6722,CDG,LHR,Monday,00:15,169,80
CA-3427,YYZ,DFW,Tuesday,11:45,292,525
OA-1152,HKG,DEL,Saturday,07:15,292,574
VA-4726,DEL,DFW,Saturday,11:45,174,971
VA-6996,YUL,YYZ,Sunday,11:30,120,100
TB-7957,YYZ,YUL,Friday,00:30,76,218
CA-3748,LHR,AMS,Tuesday,04:00,255,109
CA-5684,YEG,YYC,Saturday,11:45,120,164
6B-Z360,YYC,YOW,Friday,21:15,78,792
CA-9436,YEG,YYZ,Wednesday,03:00,78,198
OA-2896,YOW,PEK,Thursday,01:00,174,882
VA-5571,YVR,YWG,Wednesday,20:30,78,317
CA-8311,YYC,FRA,Thursday,00:45,174,976
OA-1354,ATL,LHR,Saturday,00:30,169,883
TB-3671,ATL,LHR,Sunday,00:30,169,883
TB-7671,AMS,DFW,Sunday,02:00,255,773
VA-2801,YEG,CDG,Tuesday,21:00,169,1456
CA-6832,YYZ,CDG,Friday,00:15,292,683
VA-5153,PEK,ATL,Tuesday,22:00,169,1534
VA-3110,YYC,DFW,Thursday,21:00,169,328
VA-7863,LHR,DEL,Thursday,16:00,169,561
OA-1407,CDG,DEL,Friday,19:00,255,602
OA-4825,DXB,YVR,Monday,06:30,255,981
TB-4366,YEG,YOW,Sunday,01:15,78,623
VA-9047,FRA,CDG,Saturday,01:15,255,124
VA-8557,DFW,HND,Wednesday,20:30,255,1737
OA-7490,AMS,DEL,Wednesday,01:00,292,962
OA-1504,CDG,FRA,Tuesday,18:15,292,195
VA-7495,CDG,YYZ,Wednesday,02:30,292,682
VA-2490,LHR,HKG,Saturday,22:15,174,3124
TB-3683,ORD,YUL,Friday,18:45,292,396
VA-2008,CDG,YUL,Saturday,01:15,169,533
TB-5246,FRA,CDG,Thursday,01:15,255,124
CA-4174,PEK,ORD,Sunday,20:00,292,871
